rspanton = Robert Spanton <rspanton@zepler.net>
rds204 = Robert Spanton <rspanton@zepler.net>
rob = Robert Spanton <rspanton@zepler.net>
plaw = Peter Law <PeterJCLaw@gmail.com>
se204 = Stephen English <steve@secomputing.co.uk>
senglish = Stephen English <steve@secomputing.co.uk>
ccross = Chris Cross <cjcross@zepler.net>
cmalton = Chris Malton <chrism@cmalton.me.uk>
justyn = Justyn Butler <justyn@studentrobotics.org>
rbarlow = Richard Barlow <richard@richardbarlow.co.uk>
